"","Player","Team","Hex","G","Stat"
"1","Luka Doncic (doncilu01)","DAL","#00538c",70,12.1360180649644
"2","Shai Gilgeous-Alexander (gilgesh01)","OKC","#007ac1",75,-3.41311174801691
"3","Giannis Antetokounmpo (antetgi01)","MIL","#00471b",73,-11.3693303225059
"4","Jalen Brunson (brunsja01)","NYK","#006bb6",77,18.5740342771119
"5","Nikola Jokic (jokicni01)","DEN","#0e2240",79,-1.54496213305542
"6","Anthony Edwards (edwaran01)","MIN","#0c2340",79,-4.62209460946096
"7","Kevin Durant (duranke01)","PHO","#1d1160",75,19.2559238608071
"8","Jayson Tatum (tatumja01)","BOS","#007a33",74,6.27991801285391
"9","De'Aaron Fox (foxde01)","SAC","#5a2d81",74,1.9208742979561
"10","Stephen Curry (curryst01)","GSW","#1d428a",74,37.0651825603613
"11","DeMar DeRozan (derozde01)","CHI","#ce1141",79,-7.35483324648254
"12","Anthony Davis (davisan02)","LAL","#552583",76,-10.1316318105495
"13","Devin Booker (bookede01)","PHO","#1d1160",68,-0.705645764576465
"14","LeBron James (jamesle01)","LAL","#552583",71,16.0852023623415
"15","Tyrese Maxey (maxeyty01)","PHI","#006bb6",70,4.1604439233397
"16","Paolo Banchero (banchpa01)","ORL","#0077c0",80,-9.36753986451276
"17","Damian Lillard (lillada01)","MIL","#00471b",73,-7.27002790805398
"18","Dejounte Murray (murrade01)","ATL","#e03a3e",78,-1.48923386022814
"19","Pascal Siakam (siakapa01)","2TM","#000000",80,-4.84328434948759
"20","Paul George (georgpa01)","LAC","#c8102e",74,27.8193691158589
"21","Kawhi Leonard (leonaka01)","LAC","#c8102e",68,17.2407823519194
"22","Jaylen Brown (brownja02)","BOS","#007a33",70,-4.79214058247931
"23","Jalen Green (greenja05)","HOU","#ce1141",82,-20.3813293960975
"24","Mikal Bridges (bridgmi01)","BRK","#000000",82,3.73661652481037
"25","Zion Williamson (willizi01)","NOP","#0c2340",70,-0.588386659718603
"26","Domantas Sabonis (sabondo01)","SAC","#5a2d81",82,1.15813114469342
"27","Kyle Kuzma (kuzmaky01)","WAS","#002B5C",70,-13.3596664929651
"28","Victor Wembanyama (wembavi01)","SAS","#c4ced4",71,-16.031130218285
"29","Coby White (whiteco01)","CHI","#ce1141",79,5.73338984424758
"30","Kyrie Irving (irvinky01)","DAL","#00538c",58,19.0762897921371
"31","Jaren Jackson Jr. (jacksja02)","MEM","#5D76A9",66,-16.7218620809449
"32","Cam Thomas (thomaca02)","BRK","#000000",66,-0.668506513809283
"33","Donovan Mitchell (mitchdo01)","CLE","#860038",55,1.14205500550054
"34","Collin Sexton (sextoco01)","UTA","#002B5C",78,9.201351977303
"35","Miles Bridges (bridgmi02)","CHO","#00788C",69,-7.5096664929651
"36","Franz Wagner (wagnefr01)","ORL","#0077c0",72,-28.2858413525563
"37","Cade Cunningham (cunnica01)","DET","#c8102e",62,-3.58052950031846
"38","Tyrese Haliburton (halibty01)","IND","#002d62",69,-0.90315905274739
"39","Trae Young (youngtr01)","ATL","#e03a3e",54,3.42925869955416
"40","Klay Thompson (thompkl01)","GSW","#1d428a",77,14.7478017485959
"41","Nikola Vucevic (vucevni01)","CHI","#ce1141",76,-22.4383902495513
"42","D'Angelo Russell (russeda01)","LAL","#552583",76,26.8749594696312
"43","Bam Adebayo (adebaba01)","MIA","#98002e",71,-0.364902206010076
"44","Chet Holmgren (holmgch01)","OKC","#007ac1",82,1.50483643101152
"45","Jordan Poole (poolejo01)","WAS","#002B5C",78,-22.3841153378496
"46","Michael Porter Jr. (portemi01)","DEN","#0e2240",81,17.3467661397719
"47","Jalen Williams (willija06)","OKC","#007ac1",71,14.7761563893231
"48","Joel Embiid (embiijo01)","PHI","#006bb6",39,3.1013474610619
"49","Karl-Anthony Towns (townska01)","MIN","#0c2340",62,16.4519756817787
"50","Bogdan Bogdanovic (bogdabo01)","ATL","#e03a3e",79,5.32789728446528
"51","Brandon Ingram (ingrabr01)","NOP","#0c2340",64,-2.58653175843901
"52","Alperen Sengun (sengual01)","HOU","#ce1141",63,-7.62438440159806
"53","Devin Vassell (vassede01)","SAS","#c4ced4",68,2.81508609808349
"54","CJ McCollum (mccolcj01)","NOP","#0c2340",66,35.2647016964854
"55","Myles Turner (turnemy01)","IND","#002d62",77,-2.49095987493487
"56","Austin Reaves (reaveau01)","LAL","#552583",82,0.550977939899246
"57","Brandon Miller (millebr02)","CHO","#00788C",74,3.60474315326269
"58","Lauri Markkanen (markkla01)","UTA","#002B5C",55,14.6239031324185
"59","Jarrett Allen (allenja01)","CLE","#860038",77,-2.19412888657287
"60","Fred VanVleet (vanvlfr01)","HOU","#ce1141",73,12.4887454113832
"61","Donte DiVincenzo (divindo01)","NYK","#006bb6",81,24.894855827688
"62","Jamal Murray (murraja01)","DEN","#0e2240",59,20.2253416131087
"63","Jimmy Butler (butleji01)","MIA","#98002e",60,7.00521857448902
"64","Terry Rozier (roziete01)","2TM","#000000",61,-1.10214058247931
"65","Tobias Harris (harrito02)","PHI","#006bb6",70,-3.27354212263332
"66","James Harden (hardeja01)","LAC","#c8102e",72,7.47218389207342
"67","Scottie Barnes (barnesc01)","TOR","#ce1141",60,-7.30769173759481
"68","Jonathan Kuminga (kuminjo01)","GSW","#1d428a",74,-7.37354438075386
"69","Jaden Ivey (iveyja01)","DET","#c8102e",77,-10.9549265242314
"70","Keegan Murray (murrake02)","SAC","#5a2d81",77,-3.92864350645592
"71","RJ Barrett (barrerj01)","2TM","#000000",58,-1.42203694053616
"72","Immanuel Quickley (quickim01)","2TM","#000000",68,12.6920320189914
"73","Kristaps Porzingis (porzikr01)","BOS","#007a33",57,2.72837270569162
"74","Tim Hardaway Jr. (hardati02)","DAL","#00538c",79,-7.57482421400036
"75","Jerami Grant (grantje01)","POR","#e03a3e",54,10.0220712176481
"76","Bobby Portis (portibo01)","MIL","#00471b",82,10.1627156505124
"77","Dennis Schröder (schrode01)","2TM","#000000",80,3.42676162353077
"78","Malik Monk (monkma01)","SAC","#5a2d81",72,-6.63608650338719
"79","Derrick White (whitede01)","BOS","#007a33",73,15.0043668577384
"80","Deni Avdija (avdijde01)","WAS","#002B5C",75,1.95328527589601
"81","Julius Randle (randlju01)","NYK","#006bb6",46,-13.3439080539633
"82","Naz Reid (reidna01)","MIN","#0c2340",81,19.711235713045
"83","Keldon Johnson (johnske04)","SAS","#c4ced4",69,-7.22555022870709
"84","Corey Kispert (kispeco01)","WAS","#002B5C",80,8.30968907417057
"85","Rudy Gobert (goberru01)","MIN","#0c2340",76,-1.09706444328643
"86","Norman Powell (powelno01)","LAC","#c8102e",76,26.6157512593365
"87","Kelly Oubre Jr. (oubreke01)","PHI","#006bb6",68,-17.773648022697
"88","Jabari Smith Jr. (smithja05)","HOU","#ce1141",76,-1.02149614961497
"89","Anfernee Simons (simonan01)","POR","#e03a3e",46,7.82130015633142
"90","Darius Garland (garlada01)","CLE","#860038",57,1.89101939667651
"91","John Collins (collijo01)","UTA","#002B5C",68,1.23234971918244
"92","Grayson Allen (allengr01)","PHO","#1d1160",75,42.4137742458456
"93","Aaron Gordon (gordoaa01)","DEN","#0e2240",73,-10.444964391176
"94","Buddy Hield (hieldbu01)","2TM","#000000",84,11.5371320711018
"95","Jonas Valanciunas (valanjo01)","NOP","#0c2340",82,-6.92257773145736
"96","Harrison Barnes (barneha02)","SAC","#5a2d81",82,8.20506311157432
"97","Desmond Bane (banede01)","MEM","#5D76A9",42,5.51226680562793
"98","Brook Lopez (lopezbr01)","MIL","#00471b",79,0.125988304093561
"99","Josh Giddey (giddejo01)","OKC","#007ac1",80,-6.97121990620114
"100","Keyonte George (georgke01)","UTA","#002B5C",75,-13.9427850153436
"101","Gary Trent Jr. (trentga02)","TOR","#ce1141",71,12.3722690637485
"102","Bradley Beal (bealbr01)","PHO","#1d1160",53,15.113285275896
"103","Caris LeVert (leverca01)","CLE","#860038",68,-13.508465057032
"104","Jalen Suggs (suggsja01)","ORL","#0077c0",75,12.0550631115743
"105","Jordan Clarkson (clarkjo01)","UTA","#002B5C",55,-22.1516376585027
"106","Andrew Wiggins (wiggian01)","GSW","#1d428a",71,-1.95278953158474
"107","P.J. Washington (washipj01)","2TM","#000000",73,-18.8692050257657
"108","Cole Anthony (anthoco01)","ORL","#0077c0",81,-7.61424063458977
"109","Ayo Dosunmu (dosunay01)","CHI","#ce1141",76,11.0069964101673
"110","Rui Hachimura (hachiru01)","LAL","#552583",68,13.0643497191824
"111","Deandre Ayton (aytonde01)","POR","#e03a3e",55,-2.65688147762145
"112","Dillon Brooks (brookdi01)","HOU","#ce1141",72,-2.47461467199352
"113","Jalen Johnson (johnsja05)","ATL","#e03a3e",56,-2.13762955242893
"114","De'Andre Hunter (huntede01)","ATL","#e03a3e",57,5.87080308030803
"115","Malik Beasley (beaslma01)","MIL","#00471b",79,25.6430239129176
"116","Jaime Jaquez Jr. (jaqueja01)","MIA","#98002e",75,-8.82500584795322
"117","Aaron Nesmith (nesmiaa01)","IND","#002d62",72,17.8061586474437
"118","Tyler Herro (herroty01)","MIA","#98002e",42,10.0938467952058
"119","Duncan Robinson (robindu01)","MIA","#98002e",68,13.8645061085056
"120","Mike Conley (conlemi01)","MIN","#0c2340",76,30.9063001563314
"121","Scoot Henderson (hendesc01)","POR","#e03a3e",62,-10.9044236002548
"122","Moritz Wagner (wagnemo01)","ORL","#0077c0",80,-4.10413699264663
"123","Bojan Bogdanovic (bogdabo02)","2TM","#000000",57,10.7921586474437
"124","Saddiq Bey (beysa01)","ATL","#e03a3e",63,-17.7883568988478
"125","Jeremy Sochan (sochaje01)","SAS","#c4ced4",74,-13.0952095420068
"126","Luguentz Dort (dortlu01)","OKC","#007ac1",79,11.2114934861907
"127","Jrue Holiday (holidjr01)","BOS","#007a33",69,20.3864164205894
"128","Bennedict Mathurin (mathube01)","IND","#002d62",59,1.77873637890105
"129","Max Strus (strusma01)","CLE","#860038",70,-7.0356227780673
"130","Obi Toppin (toppiob01)","IND","#002d62",82,9.43989861617741
"131","Trey Murphy III (murphtr02)","NOP","#0c2340",57,6.36877424584564
"132","Nic Claxton (claxtni01)","BRK","#000000",71,-0.828440738810723
"133","Jalen Duren (durenja01)","DET","#c8102e",61,-1.46275259104858
"134","Herbert Jones (joneshe01)","NOP","#0c2340",76,14.2811356609345
"135","Clint Capela (capelca01)","ATL","#e03a3e",73,-0.365688147762145
"136","Reggie Jackson (jacksre01)","DEN","#0e2240",82,-1.89943396444908
"137","Jusuf Nurkic (nurkiju01)","PHO","#1d1160",76,-10.951933298593
"138","Khris Middleton (middlkh01)","MIL","#00471b",55,3.78202750275027
"139","Daniel Gafford (gaffoda01)","2TM","#000000",74,0
"140","Spencer Dinwiddie (dinwisp01)","2TM","#000000",76,-10.5572383764692
"141","Ivica Zubac (zubaciv01)","LAC","#c8102e",68,0
"142","Tyus Jones (jonesty01)","WAS","#002B5C",66,12.367834172891
"143","Payton Pritchard (pritcpa01)","BOS","#007a33",82,7.37712755486075
"144","Evan Mobley (mobleev01)","CLE","#860038",50,0.431399282033466
"145","Grant Williams (willigr01)","2TM","#000000",76,3.1287823519194
"146","Zach Collins (colliza01)","SAS","#c4ced4",69,-8.26955474494818
"147","Cameron Johnson (johnsca02)","BRK","#000000",58,8.93508383996295
"148","Tre Jones (jonestr01)","SAS","#c4ced4",77,-5.86143622256962
"149","Georges Niang (niangge01)","CLE","#860038",82,4.08349348619072
"150","Kentavious Caldwell-Pope (caldwke01)","DEN","#0e2240",76,12.4160504892595
"151","Kelly Olynyk (olynyke01)","2TM","#000000",78,3.30333709686758
"152","Josh Hart (hartjo01)","NYK","#006bb6",81,-14.3675421226333
"153","Jaden McDaniels (mcdanja02)","MIN","#0c2340",72,-7.31547767934688
"154","Russell Westbrook (westbru01)","LAC","#c8102e",68,-14.2739747553703
"155","Eric Gordon (gordoer01)","PHO","#1d1160",68,4.88780533842858
"156","OG Anunoby (anunoog01)","2TM","#000000",50,4.35526454750738
"157","T.J. McConnell (mccontj01)","IND","#002d62",71,1.90572149846563
"158","Bruce Brown (brownbr01)","2TM","#000000",67,-7.00085623299172
"159","Alex Caruso (carusal01)","CHI","#ce1141",71,14.0898467952058
"160","Sam Hauser (hausesa01)","BOS","#007a33",79,27.1150112906027
"161","GG Jackson II (jacksgg01)","MEM","#5D76A9",48,-2.48481025997337
"162","Taurean Prince (princta02)","LAL","#552583",78,10.7910193966765
"163","Simone Fontecchio (fontesi01)","2TM","#000000",66,11.7941586474437
"164","Malaki Branham (branhma01)","SAS","#c4ced4",75,-5.00842360025477
"165","Alec Burks (burksal01)","2TM","#000000",66,3.40291123849227
"166","Brandin Podziemski (podzibr01)","GSW","#1d428a",74,4.51897342365816
"167","Andre Drummond (drumman01)","CHI","#ce1141",79,-1.09706444328643
"168","Terance Mann (mannte01)","LAC","#c8102e",75,-3.60838214347751
"169","Derrick Jones Jr. (jonesde02)","DAL","#00538c",76,-5.42246731515256
"170","Nickeil Alexander-Walker (alexani01)","MIN","#0c2340",82,8.47947049968155
"171","Kevin Huerter (huertke01)","SAC","#5a2d81",64,-1.59865838689133
"172","Santi Aldama (aldamsa01)","MEM","#5D76A9",61,-5.07319691969198
"173","Nick Richards (richani01)","CHO","#00788C",67,-0.365688147762145
"174","Isaac Okoro (okorois01)","CLE","#860038",69,5.4420482311389
"175","Caleb Martin (martica02)","MIA","#98002e",64,-3.87165028081756
"176","Jabari Walker (walkeja01)","POR","#e03a3e",72,-9.82565253893811
"177","Isaiah Joe (joeis01)","OKC","#007ac1",78,17.7600838399629
"178","Andrew Nembhard (nembhan01)","IND","#002d62",68,-1.48567326732674
"179","Duop Reath (reathdu01)","POR","#e03a3e",68,-1.63859620172544
"180","Malcolm Brogdon (brogdma01)","POR","#e03a3e",39,9.21605859533321
"181","Royce O'Neale (onealro01)","2TM","#000000",79,1.81960164437496
"182","Wendell Carter Jr. (cartewe01)","ORL","#0077c0",55,1.42132673267327
"183","Jalen Smith (smithja04)","IND","#002d62",61,8.39690672225117
"184","Christian Braun (braunch01)","DEN","#0e2240",82,3.00314376700828
"185","Paul Reed (reedpa01)","PHI","#006bb6",82,0.131775577557755
"186","Amen Thompson (thompam01)","HOU","#ce1141",62,-13.2059125702044
"187","Marcus Sasser (sassema01)","DET","#c8102e",71,2.23484453708529
"188","Marvin Bagley III (baglema01)","2TM","#000000",50,0.582172601470674
"189","Isaiah Hartenstein (harteis01)","NYK","#006bb6",75,-0.0980644432864339
"190","Dorian Finney-Smith (finnedo01)","BRK","#000000",68,-5.94321764808061
"191","Cam Whitmore (whitmca01)","HOU","#ce1141",47,-1.47139250767182
"192","Cameron Payne (payneca01)","2TM","#000000",78,6.49126454750738
"193","Lonnie Walker IV (walkelo01)","BRK","#000000",58,4.9625119564588
"194","Precious Achiuwa (achiupr01)","2TM","#000000",74,-9.47575033292803
"195","Al Horford (horfoal01)","BOS","#007a33",65,13.7544578773667
"196","Miles McBride (mcbrimi01)","NYK","#006bb6",68,11.7869526952695
"197","Onyeka Okongwu (okongon01)","ATL","#e03a3e",55,-2.25548219558798
"198","Cason Wallace (wallaca01)","OKC","#007ac1",82,12.4749734236581
"199","Dalano Banton (bantoda01)","2TM","#000000",54,-13.8679414046668
"200","Ausar Thompson (thompau01)","DET","#c8102e",63,-20.3047606971223
"201","Jakob Poeltl (poeltja01)","TOR","#ce1141",50,0
"202","Aaron Wiggins (wiggiaa01)","OKC","#007ac1",78,15.9152933819698
"203","Trayce Jackson-Davis (jackstr02)","GSW","#1d428a",68,-0.365688147762145
"204","Moses Moody (moodymo01)","GSW","#1d428a",66,-1.13762955242893
"205","Chris Paul (paulch01)","GSW","#1d428a",58,1.11548896994962
"206","Bilal Coulibaly (coulibi01)","WAS","#002B5C",63,-3.64230733599676
"207","Peyton Watson (watsope01)","DEN","#0e2240",80,-10.592598459846
"208","Jaden Hardy (hardyja02)","DAL","#00538c",73,-0.826145098720403
"209","Toumani Camara (camarto01)","POR","#e03a3e",70,-4.93436141508888
"210","LaMelo Ball (ballla01)","CHO","#00788C",22,-2.1055651091425
"211","Jordan Hawkins (hawkijo01)","NOP","#0c2340",67,0.0929319668808937
"212","Vince Williams Jr. (willivi01)","MEM","#5D76A9",52,2.57317711771177
"213","Walker Kessler (kesslwa01)","UTA","#002B5C",64,-2.93907480748075
"214","Talen Horton-Tucker (hortota01)","UTA","#002B5C",51,-6.49524289271032
"215","Dario Šaric (saricda01)","GSW","#1d428a",64,2.03143489085751
"216","Aaron Holiday (holidaa01)","HOU","#ce1141",78,4.62467193561461
"217","Gradey Dick (dickgr01)","TOR","#ce1141",60,-0.165843610676861
"218","Shaedon Sharpe (sharpsh01)","POR","#e03a3e",32,-5.88386659718603
"219","Jeff Green (greenje02)","HOU","#ce1141",78,-5.55010364194314
"220","Kyle Anderson (anderky01)","MIN","#0c2340",79,-6.56103109258294
"221","Julian Champagnie (champju02)","SAS","#c4ced4",74,-0.190616930114069
"222","Isaiah Stewart (stewais01)","DET","#c8102e",46,3.02957414162469
"223","Gordon Hayward (haywago01)","2TM","#000000",51,4.07806670140698
"224","Cedi Osman (osmande01)","SAS","#c4ced4",72,5.15191934456604
"225","Zach LaVine (lavinza01)","CHI","#ce1141",25,-2.82029697180245
"226","Kyle Lowry (lowryky01)","2TM","#000000",60,6.57796305946384
"227","Kevin Love (loveke01)","MIA","#98002e",55,-5.2919080539633
"228","Sam Merrill (merrisa01)","CLE","#860038",61,13.5623956922008
"229","Dereck Lively II (livelde01)","DAL","#00538c",55,-0.731376295524289
"230","Draymond Green (greendr01)","GSW","#1d428a",55,3.78122893868334
"231","Josh Green (greenjo02)","DAL","#00538c",57,3.61131636847895
"232","Naji Marshall (marshna01)","NOP","#0c2340",66,3.19677783567831
"233","Amir Coffey (coffeam01)","LAC","#c8102e",70,2.63338081176539
"234","Ochai Agbaji (agbajoc01)","2TM","#000000",78,-15.1261991778125
"235","Patrick Beverley (beverpa01)","2TM","#000000",73,-5.19255474494818
"236","James Wiseman (wisemja01)","DET","#c8102e",63,-0.731376295524289
"237","Trendon Watford (watfotr01)","BRK","#000000",63,2.12920595217417
"238","Luke Kennard (kennalu01)","MEM","#5D76A9",39,20.0662208326096
"239","Patrick Williams (willipa01)","CHI","#ce1141",43,4.9301541312026
"240","Pat Connaughton (connapa01)","MIL","#00471b",76,-4.92377916739043
"241","Dante Exum (exumda01)","DAL","#00538c",55,13.5336800416884
"242","Josh Richardson (richajo01)","MIA","#98002e",43,-3.55074807480749
"243","David Roddy (roddyda01)","2TM","#000000",65,-11.9208562329917
"244","Vasilije Micic (micicva01)","2TM","#000000",60,-13.3499747553703
"245","De'Anthony Melton (meltode01)","PHI","#006bb6",38,-1.21726362109896
"246","Ziaire Williams (willizi02)","MEM","#5D76A9",51,-11.0920599270453
"247","Trey Lyles (lylestr01)","SAC","#5a2d81",58,4.01029564009032
"248","Day'Ron Sharpe (sharpda01)","BRK","#000000",61,-1.48032221643217
"249","Haywood Highsmith (highsha01)","MIA","#98002e",66,5.81987562966823
"250","Jose Alvarado (alvarjo01)","NOP","#0c2340",56,2.34155341323606
"251","Jonathan Isaac (isaacjo01)","ORL","#0077c0",58,1.0429274506398
"252","Isaiah Jackson (jacksis01)","IND","#002d62",59,-1.46275259104858
"253","Tre Mann (manntr01)","2TM","#000000",41,0.921293381969775
"254","Malachi Flynn (flynnma01)","3TM","#000000",69,-5.86229697180244
"255","Drew Eubanks (eubandr01)","PHO","#1d1160",75,1.90293555671357
"256","Jake LaRavia (laravja01)","MEM","#5D76A9",35,-4.00735105089456
"257","Davion Mitchell (mitchda01)","SAC","#5a2d81",72,-0.740727346418856
"258","Kris Murray (murrakr01)","POR","#e03a3e",62,-17.8769310404725
"259","Daniel Theis (theisda01)","2TM","#000000",60,0.0221415088877297
"260","Gary Harris (harriga01)","ORL","#0077c0",54,1.08892970876035
"261","Dennis Smith Jr. (smithde03)","BRK","#000000",56,-7.81400810607377
"262","Jordan Goodwin (goodwjo01)","2TM","#000000",57,-9.5440288344624
"263","Jordan Nwora (nworajo01)","2TM","#000000",52,-3.88914735684095
"264","Quentin Grimes (grimequ01)","2TM","#000000",51,-6.64515546291471
"265","Jevon Carter (carteje01)","CHI","#ce1141",72,-8.58502657634184
"266","Kris Dunn (dunnkr01)","UTA","#002B5C",66,0.367615598401944
"267","Dyson Daniels (daniedy01)","NOP","#0c2340",61,-7.38289994788953
"268","Matisse Thybulle (thybuma01)","POR","#e03a3e",65,-4.54796213305542
"269","Nikola Jovic (jovicni01)","MIA","#98002e",46,5.42983191477043
"270","Doug McDermott (mcderdo01)","2TM","#000000",64,10.1474141624689
"271","Larry Nance Jr. (nancela02)","NOP","#0c2340",61,3.2052703954606
"272","Christian Wood (woodch01)","LAL","#552583",50,-6.69044884488449
"273","Markelle Fultz (fultzma01)","ORL","#0077c0",43,-2.5863866597186
"274","Luke Kornet (kornelu01)","BOS","#007a33",63,0.634311852237855
"275","Kevon Looney (looneke01)","GSW","#1d428a",74,-0.365688147762145
"276","Chimezie Metu (metuch01)","2TM","#000000",51,-6.3626858896416
"277","Landry Shamet (shamela01)","WAS","#002B5C",46,-4.34703919865671
"278","Garrison Mathews (mathega01)","ATL","#e03a3e",66,14.3421874819061
"279","Kenrich Williams (willike04)","OKC","#007ac1",69,4.41497116553761
"280","Chris Boucher (bouchch01)","TOR","#ce1141",50,-3.35468588964159
"281","Nicolas Batum (batumni01)","2TM","#000000",60,5.42269266400324
"282","Anthony Black (blackan01)","ORL","#0077c0",69,2.66131411035841
"283","Marcus Morris (morrima03)","2TM","#000000",49,4.44011041630479
"284","Jae Crowder (crowdja01)","MIL","#00471b",50,-2.77023252851601
"285","Goga Bitadze (bitadgo01)","ORL","#0077c0",62,-3.11763406867003
"286","Keon Ellis (elliske01)","SAC","#5a2d81",57,8.6203911759597
"287","Torrey Craig (craigto01)","CHI","#ce1141",53,4.02571339239187
"288","Jaxson Hayes (hayesja02)","LAL","#552583",70,-2.92550518209716
"289","Bryce McGowens (mcgowbr01)","CHO","#00788C",59,-3.33419107173875
"290","Nick Smith Jr. (smithni01)","CHO","#00788C",51,9.68153042672688
"291","Joe Ingles (inglejo01)","ORL","#0077c0",68,11.1592082102947
"292","Taylor Hendricks (hendrita01)","UTA","#002B5C",40,1.86365931329975
"293","Dean Wade (wadede01)","CLE","#860038",54,5.11299415204678
"294","Davis Bertans (bertada01)","2TM","#000000",43,2.86237044757107
"295","Killian Hayes (hayeski01)","DET","#c8102e",42,-5.08292293439871
"296","Marcus Smart (smartma01)","MEM","#5D76A9",20,-7.06021180012738
"297","Craig Porter Jr. (portecr01)","CLE","#860038",51,-0.431397023912919
"298","Max Christie (chrisma02)","LAL","#552583",67,-1.14320143593307
"299","Xavier Tillman Sr. (tillmxa01)","2TM","#000000",54,-9.61373996873372
"300","Bruno Fernando (fernabr01)","ATL","#e03a3e",45,-1.46275259104858
"301","Danilo Gallinari (gallida01)","3TM","#000000",49,-3.96999774187945
"302","Josh Okogie (okogijo01)","PHO","#1d1160",60,-5.3286858896416
"303","Jaylin Williams (willija07)","OKC","#007ac1",69,0.33290672225117
"304","Jock Landale (landajo01)","HOU","#ce1141",56,-4.62752591048579
"305","Lamar Stevens (stevela01)","2TM","#000000",38,-2.83765479705865
"306","Scotty Pippen Jr. (pippesc02)","MEM","#5D76A9",21,3.69445336112558
"307","Blake Wesley (weslebl01)","SAS","#c4ced4",61,-8.12284812691795
"308","Jae'Sean Tate (tateja01)","HOU","#ce1141",65,-5.13498737768514
"309","Cam Reddish (reddica01)","LAL","#552583",48,-3.26569625383591
"310","Bones Hyland (hylanbo01)","LAC","#c8102e",37,-5.35789994788953
"311","Mo Bamba (bambamo01)","PHI","#006bb6",57,1.61995854322274
"312","Caleb Houstan (houstca01)","ORL","#0077c0",59,1.41118748190608
"313","A.J. Green (greenaj01)","MIL","#00471b",56,7.15070302819755
"314","Ben Sheppard (sheppbe01)","IND","#002d62",57,-8.06335105089456
"315","Jared Butler (butleja02)","WAS","#002B5C",40,-4.49967552544728
"316","Troy Brown Jr. (browntr01)","2TM","#000000",59,-4.60902883446239
"317","Mason Plumlee (plumlma01)","LAC","#c8102e",46,-2.19412888657287
"318","Mark Williams (willima07)","CHO","#00788C",19,0
"319","Brice Sensabaugh (sensabr01)","UTA","#002B5C",32,-8.01413699264664
"320","Gary Payton II (paytoga02)","GSW","#1d428a",44,-0.092848126917956
"321","John Konchar (konchjo01)","MEM","#5D76A9",55,-5.84257773145736
"322","Justin Holiday (holidju01)","DEN","#0e2240",58,5.21041190434833
"323","Chris Duarte (duartch01)","SAC","#5a2d81",59,-2.50039476579237
"324","Julian Strawther (strawju01)","DEN","#0e2240",50,-9.47896439117596
"325","Ja Morant (moranja01)","MEM","#5D76A9",9,-4.62509553586938
"326","Seth Curry (curryse01)","2TM","#000000",44,-1.47831995831162
"327","Sasha Vezenkov (vezenal01)","SAC","#5a2d81",42,1.11742226854264
"328","KJ Martin (martike04)","2TM","#000000",60,-2.23126813734005
"329","Bol Bol (bolbo01)","PHO","#1d1160",43,2.98021631636848
"330","Kevin Knox (knoxke01)","DET","#c8102e",31,-3.35468588964159
"331","Omer Yurtseven (yurtsom01)","UTA","#002B5C",48,-3.78451554629147
"332","Evan Fournier (fournev01)","2TM","#000000",32,-14.5194592090788
"333","Thomas Bryant (bryanth01)","MIA","#98002e",38,-4.04113925076718
"334","Shake Milton (miltosh01)","3TM","#000000",48,-5.42004145677726
"335","Tari Eason (easonta01)","HOU","#ce1141",22,-0.284407388107233
"336","Jalen Wilson (wilsoja03)","BRK","#000000",43,-3.0849229343987
"337","MarJon Beauchamp (beaucma01)","MIL","#00471b",48,2.57338891783915
"338","Cody Martin (martico01)","CHO","#00788C",28,-4.44518070754444
"339","Delon Wright (wrighde01)","2TM","#000000",47,0.157205952174164
"340","Dwight Powell (poweldw01)","DAL","#00538c",63,-0.0980644432864339
"341","Eugene Omoruyi (omorueu01)","WAS","#002B5C",43,-3.80365479705865
"342","Oshae Brissett (brissos01)","BOS","#007a33",55,-5.09784812691795
"343","JT Thor (thorjt01)","CHO","#00788C",63,-1.59473996873372
"344","Richaun Holmes (holmeri01)","2TM","#000000",40,-0.0980644432864339
"345","Keita Bates-Diop (bateske01)","2TM","#000000",53,-4.25648219558798
"346","Jordan McLaughlin (mclaujo01)","MIN","#0c2340",56,9.46175484916913
"347","Maxi Kleber (klebima01)","DAL","#00538c",43,-1.62730959411731
"348","Derrick Rose (rosede01)","MEM","#5D76A9",24,0.0127859417520693
"349","Sandro Mamukelashvili (mamuksa01)","SAS","#c4ced4",46,-4.39604145677726
"350","Anthony Gill (gillan01)","WAS","#002B5C",50,-4.98921405824793
"351","Zeke Nnaji (nnajize01)","DEN","#0e2240",58,-2.40782739852933
"352","JaVale McGee (mcgeeja01)","SAC","#5a2d81",46,-1.55881703433501
"353","Dalen Terry (terryda01)","CHI","#ce1141",59,-10.0409229343987
"354","Luka Šamanic (samanlu01)","UTA","#002B5C",43,-10.4120414567773
"355","Bismack Biyombo (biyombi01)","2TM","#000000",40,0
"356","Ricky Council IV (councri01)","PHI","#006bb6",32,0.297979271611371
"357","Jacob Gilyard (gilyaja01)","2TM","#000000",41,4.95329338196978
"358","Mitchell Robinson (robinmi01)","NYK","#006bb6",31,0
"359","Trey Jemison (jemistr01)","2TM","#000000",25,0
"360","Jalen McDaniels (mcdanja01)","TOR","#ce1141",50,-13.9648584911123
"361","Patrick Baldwin Jr. (baldwpa01)","WAS","#002B5C",38,-4.43175033292803
"362","Brandon Boston Jr. (bostobr01)","LAC","#c8102e",32,-5.02778368363152
"363","Lester Quiñones (quinole01)","GSW","#1d428a",37,-0.14855700306873
"364","Monte Morris (morrimo01)","2TM","#000000",33,1.42182965664988
"365","Jaden Springer (sprinja01)","2TM","#000000",49,-7.56903109258294
"366","Svi Mykhailiuk (mykhasv01)","BOS","#007a33",41,2.51768004168838
"367","Tristan Thompson (thomptr01)","CLE","#860038",49,-0.365688147762145
"368","Mike Muscala (muscami01)","3TM","#000000",53,-7.07406218516589
"369","Rayan Rupert (ruperra01)","POR","#e03a3e",39,-0.521675525447283
"370","Skylar Mays (mayssk01)","2TM","#000000",38,-3.76315997915581
"371","Neemias Queta (quetane01)","BOS","#007a33",28,0
"372","Javon Freeman-Liberty (freemja01)","TOR","#ce1141",22,-5.36290220601008
"373","Johnny Davis (davisjo06)","WAS","#002B5C",50,-0.627525910485787
"374","Nassir Little (littlna01)","PHO","#1d1160",45,-4.59817034335013
"375","Matt Ryan (ryanma01)","NOP","#0c2340",28,7.76337855364484
"376","Jarred Vanderbilt (vandeja01)","LAL","#552583",29,-1.88157998957791
"377","Aleksej Pokusevski (pokusal01)","2TM","#000000",28,-2.12784812691795
"378","Dominick Barlow (barlodo01)","SAS","#c4ced4",33,-0.294193329859302
"379","Danuel House Jr. (houseda01)","PHI","#006bb6",34,-3.28440738810723
"380","Johnny Juzang (juzanjo01)","UTA","#002B5C",20,3.87401262231486
"381","DeAndre Jordan (jordade01)","DEN","#0e2240",36,0
"382","Ish Smith (smithis01)","CHO","#00788C",43,1.07449481790284
"383","Lindy Waters III (waterli01)","OKC","#007ac1",38,5.8915074402177
"384","Thaddeus Young (youngth01)","2TM","#000000",33,-1.55881703433501
"385","A.J. Lawson (lawsoaj01)","DAL","#00538c",42,-5.28440738810723
"386","Vit Krejci (krejcvi01)","ATL","#e03a3e",22,3.14920595217416
"387","Noah Clowney (clownno01)","BRK","#000000",23,-0.0557088761507736
"388","Ousmane Dieng (diengou01)","OKC","#007ac1",33,-4.59817034335013
"389","Stanley Umude (umudest01)","DET","#c8102e",24,4.62752816860633
"390","Robert Covington (covinro01)","2TM","#000000",29,-1.4945362746801
"391","Patty Mills (millspa02)","2TM","#000000",32,-7.80286885530658
"392","Andre Jackson Jr. (jacksan01)","MIL","#00471b",57,0.198345202941346
"393","Olivier-Maxence Prosper (prospol01)","DAL","#00538c",40,-3.45096664929651
"394","Alex Len (lenal01)","SAC","#5a2d81",48,-1.09706444328643
"395","Jarace Walker (walkeja02)","IND","#002d62",33,1.88715187308205
"396","Yuta Watanabe (watanyu01)","2TM","#000000",34,-6.0934925597823
"397","Jontay Porter (portejo01)","TOR","#ce1141",26,-1.96128886572868
"398","Jeremiah Robinson-Earl (robinje02)","NOP","#0c2340",39,-1.27483776272364
"399","Devonte' Graham (grahade01)","SAS","#c4ced4",23,-5.36911626425801
"400","Isaiah Livers (liveris01)","DET","#c8102e",23,-6.13598737768514
"401","Javonte Green (greenja02)","CHI","#ce1141",9,0.116420010422094
"402","Wesley Matthews (matthwe02)","ATL","#e03a3e",36,-1.22048219558798
"403","Damian Jones (jonesda03)","CLE","#860038",39,-2.12363406867003
"404","Chuma Okeke (okekech01)","ORL","#0077c0",47,-7.02642811649586
"405","Tosan Evbuomwan (evbuoto01)","2TM","#000000",17,0.297979271611371
"406","Luka Garza (garzalu01)","MIN","#0c2340",25,-2.71002072838863
"407","Orlando Robinson (robinor01)","MIA","#98002e",36,2.50967778356783
"408","Jamal Cain (cainja01)","MIA","#98002e",26,-0.331332580626485
"409","Reggie Bullock (bullore01)","HOU","#ce1141",44,2.49989409993631
"410","Kenneth Lofton Jr. (loftoke01)","3TM","#000000",21,-1.76851554629147
"411","Kessler Edwards (edwarke02)","SAC","#5a2d81",54,1.00421631636848
"412","Ben Simmons (simmobe01)","BRK","#000000",15,0
"413","Jericho Sims (simsje01)","NYK","#006bb6",45,0
"414","Kobe Brown (brownko01)","LAC","#c8102e",44,-3.53703109258294
"415","Justin Champagnie (champju01)","WAS","#002B5C",15,-3.45096664929651
"416","Julian Phillips (phillju01)","CHI","#ce1141",40,-1.8881496149615
"417","Kira Lewis Jr. (lewiski01)","3TM","#000000",28,-8.07470887615077
"418","Furkan Korkmaz (korkmfu01)","PHI","#006bb6",35,-0.627525910485787
"419","Garrett Temple (templga01)","TOR","#ce1141",27,-2.62752591048579
"420","Collin Gillespie (gilleco01)","DEN","#0e2240",24,1.1138503850385
"421","Tristan Vukcevic (vukcetr01)","WAS","#002B5C",10,-3.15677331943721
"422","Trent Forrest (forretr01)","ATL","#e03a3e",38,-1.65688147762145
"423","Jared Rhoden (rhodeja01)","DET","#c8102e",17,0.660667419373516
"424","Gui Santos (santogu01)","GSW","#1d428a",23,0.116420010422094
"425","Kobe Bufkin (bufkiko01)","ATL","#e03a3e",17,-5.62752591048579
"426","Jaylen Nowell (nowelja01)","2TM","#000000",13,-4.60195628510219
"427","Onuralp Bitim (bitimon01)","CHI","#ce1141",23,-4.07827850153436
"428","Ashton Hagans (haganas01)","POR","#e03a3e",19,-1.14220369405362
"429","Cody Zeller (zelleco01)","NOP","#0c2340",43,-0.0980644432864339
"430","Moses Brown (brownmo01)","POR","#e03a3e",22,0
"431","Jules Bernard (bernaju01)","WAS","#002B5C",19,0.386043714897805
"432","Saben Lee (leesa01)","PHO","#1d1160",24,-3.85101036419431
"433","Leaky Black (blackle01)","CHO","#00788C",26,1.68623704475711
"434","Brandon Clarke (clarkbr01)","MEM","#5D76A9",6,-1.19212888657287
"435","Markieff Morris (morrima02)","DAL","#00538c",26,-0.364902206010076
"436","Colby Jones (jonesco02)","SAC","#5a2d81",30,-6.04313925076718
"437","Charles Bassey (bassech01)","SAS","#c4ced4",19,-0.365688147762145
"438","Cory Joseph (josepco01)","GSW","#1d428a",26,-2.33890220601008
"439","Jeenathan Williams (willije02)","HOU","#ce1141",22,0.171559261189277
"440","Justin Minaya (minayju01)","POR","#e03a3e",34,-5.91371924034509
"441","Théo Maledon (maledth01)","2TM","#000000",17,-5.96064443286434
"442","Harry Giles (gilesha01)","2TM","#000000",23,-2.12363406867003
"443","Brandon Williams (willibr03)","DAL","#00538c",17,-2.48532221643217
"444","Micah Potter (pottemi01)","UTA","#002B5C",16,1.32954889699496
"445","Jeff Dowtin (dowtije01)","PHI","#006bb6",12,2.05792519251925
"446","Terquavion Smith (smithte01)","PHI","#006bb6",16,0.185914828324937
"447","P.J. Tucker (tuckepj01)","2TM","#000000",31,0.185914828324937
"448","James Bouknight (bouknja01)","CHO","#00788C",14,2.01935556713566
"449","Josh Minott (minotjo01)","MIN","#0c2340",32,0.343118522378554
"450","Darius Bazley (bazleda01)","2TM","#000000",9,-0.925505182097157
"451","AJ Griffin (griffaj01)","ATL","#e03a3e",20,-4.27783776272364
"452","Mãozinha Pereira (pereima01)","MEM","#5D76A9",7,0.25105407909212
"453","Jahmi'us Ramsey (ramseja01)","TOR","#ce1141",7,-2.03913925076718
"454","Terry Taylor (taylote01)","CHI","#ce1141",31,-1.2931933298593
"455","Sidy Cissoko (cissosi01)","SAS","#c4ced4",12,-3.39225777314574
"456","Boban Marjanovic (marjabo01)","HOU","#ce1141",14,-0.731376295524289
"457","Ryan Rollins (rolliry01)","2TM","#000000",13,1.53724740895142
"458","DeJon Jarreau (jarrede01)","MEM","#5D76A9",9,-0.74994592090788
"459","Dylan Windler (windldy01)","3TM","#000000",17,3.11342001042209
"460","Armoni Brooks (brookar01)","BRK","#000000",10,-0.694020728388629
"461","Jalen Pickett (pickeja02)","DEN","#0e2240",27,-0.142203694053616
"462","Zavier Simpson (simpsza01)","MEM","#5D76A9",7,-1.21869851195646
"463","Cole Swider (swideco01)","MIA","#98002e",18,-0.980644432864339
"464","Emoni Bates (batesem01)","CLE","#860038",15,-2.06870887615077
"465","T.J. Warren (warretj01)","MIN","#0c2340",11,-2.75194592090788
"466","Robert Williams (williro04)","POR","#e03a3e",6,0
"467","Trevelin Queen (queentr01)","ORL","#0077c0",14,-3.22469851195646
"468","Joe Harris (harrijo01)","DET","#c8102e",16,-0.980644432864339
"469","Otto Porter Jr. (porteot01)","TOR","#ce1141",15,-0.406827398529327
"470","Dru Smith (smithdr01)","MIA","#98002e",9,0.787301488043541
"471","Marques Bolden (boldema01)","2TM","#000000",11,-0.365688147762145
"472","Adama Sanogo (sanogad01)","CHI","#ce1141",9,0
"473","Udoka Azubuike (azubuud01)","PHO","#1d1160",16,0
"474","Ibou Badji (badjiib01)","POR","#e03a3e",22,0
"475","Buddy Boeheim (boehebu01)","DET","#c8102e",10,-1.14220369405362
"476","Jalen Hood-Schifino (hoodsja01)","LAL","#552583",21,-3.49032221643217
"477","Olivier Sarr (sarrol01)","OKC","#007ac1",15,-0.196128886572868
"478","Gabe Vincent (vincega01)","LAL","#552583",11,-7.24326813734005
"479","Taj Gibson (gibsota01)","2TM","#000000",20,-1.65688147762145
"480","Nate Hinton (hintona01)","HOU","#ce1141",15,1.88036593132997
"481","Nathan Mensah (mensana01)","CHO","#00788C",25,0
"482","Xavier Moon (moonxa01)","LAC","#c8102e",14,-4.21069851195646
"483","Thanasis Antetokounmpo (antetth01)","MIL","#00471b",34,-0.365688147762145
"484","Matthew Hurt (hurtma01)","MEM","#5D76A9",8,-2.31376295524289
"485","Keon Johnson (johnske07)","BRK","#000000",5,0.343118522378554
"486","Jerome Robinson (robinje01)","GSW","#1d428a",22,-4.21069851195646
"487","Moussa Diabaté (diabamo01)","LAC","#c8102e",11,0
"488","Jett Howard (howarje01)","ORL","#0077c0",18,-2.14220369405362
"489","Leonard Miller (millele01)","MIN","#0c2340",17,0.171559261189277
"490","Daishen Nix (nixda01)","MIN","#0c2340",15,-0.215698511956459
"491","David Duke Jr. (dukeda01)","SAS","#c4ced4",4,0.805871113427132
"492","Mouhamadou Gueye (gueyemo01)","TOR","#ce1141",11,-1.09706444328643
"493","Chris Livingston (livinch01)","MIL","#00471b",21,-0.828440738810723
"494","Admiral Schofield (schofad01)","ORL","#0077c0",23,0.148989635805686
"495","Oscar Tshiebwe (tshieos01)","IND","#002d62",8,0
"496","Colin Castleton (castlco01)","LAL","#552583",16,0
"497","Mouhamed Gueye (gueyemo02)","ATL","#e03a3e",6,-0.294193329859302
"498","Amari Bailey (baileam01)","CHO","#00788C",10,-1.92550518209716
"499","RaiQuan Gray (grayra01)","SAS","#c4ced4",3,0.443182965664987
"500","Jay Huff (huffja01)","DEN","#0e2240",20,-0.294193329859302
"501","Isaiah Mobley (mobleis01)","CLE","#860038",10,-0.656881477621447
"502","Ish Wainright (wainris01)","2TM","#000000",11,-0.313762955242893
"503","Dexter Dennis (dennide01)","DAL","#00538c",4,-1.92550518209716
"504","Braxton Key (keybr01)","DEN","#0e2240",20,0.171559261189277
"505","Kendall Brown (brownke03)","IND","#002d62",15,-0.731376295524289
"506","Jamaree Bouyea (bouyeja01)","2TM","#000000",9,-2.2921933298593
"507","Jermaine Samuels (samueje01)","HOU","#ce1141",14,-0.731376295524289
"508","Kobi Simmons (simmoko01)","TOR","#ce1141",4,-0.925505182097157
"509","Hunter Tyson (tysonhu01)","DEN","#0e2240",18,-1.11563406867003
"510","Malik Williams (willima11)","TOR","#ce1141",7,-0.828440738810723
"511","Robin Lopez (lopezro01)","MIL","#00471b",16,-0.925505182097157
"512","Taze Moore (mooreta02)","POR","#e03a3e",4,-1.55881703433501
"513","Wendell Moore Jr. (moorewe01)","MIN","#0c2340",25,-2.19412888657287
"514","Wenyen Gabriel (gabriwe01)","MEM","#5D76A9",5,-1.19212888657287
"515","JD Davison (davisjd01)","BOS","#007a33",8,0.443182965664987
"516","Greg Brown III (browngr01)","DAL","#00538c",6,-0.0980644432864339
"517","Jordan Walsh (walshjo01)","BOS","#007a33",9,-1.2931933298593
"518","Alex Fudge (fudgeal01)","2TM","#000000",6,-0.828440738810723
"519","D'Moi Hodge (hodgedm01)","LAL","#552583",7,-1.38825777314574
"520","DaQuan Jeffries (jeffrda01)","NYK","#006bb6",17,-1.65688147762145
"521","Seth Lundy (lundyse01)","ATL","#e03a3e",9,-1.75094592090788
"522","Dereon Seabron (seabrde01)","NOP","#0c2340",6,0.268623704475711
"523","TyTy Washington Jr. (washity02)","MIL","#00471b",11,-0.196128886572868
"524","Timmy Allen (allenti01)","MEM","#5D76A9",5,-2.55981703433501
"525","Jordan Miller (millejo02)","LAC","#c8102e",8,0.268623704475711
"526","Jacob Toppin (toppija01)","NYK","#006bb6",9,-0.462752591048579
"527","Mamadi Diakite (diakima01)","2TM","#000000",6,-0.365688147762145
"528","Jordan Ford (fordjo01)","SAC","#5a2d81",6,0.903935556713566
"529","Jason Preston (prestja01)","UTA","#002B5C",7,-1.09706444328643
"530","D.J. Carton (cartodj01)","TOR","#ce1141",4,-0.462752591048579
"531","Henri Drell (drellhe01)","CHI","#ce1141",4,-0.196128886572868
"532","Keyontae Johnson (johnske08)","OKC","#007ac1",9,-0.0980644432864339
"533","Maxwell Lewis (lewisma05)","LAL","#552583",34,-2.2921933298593
"534","Drew Peterson (peterdr01)","BOS","#007a33",3,1.17155926118928
"535","R.J. Hampton (hamptrj01)","MIA","#98002e",8,-1.92550518209716
"536","D.J. Wilson (wilsodj01)","PHI","#006bb6",2,1.26862370447571
"537","James Johnson (johnsja01)","IND","#002d62",9,-0.731376295524289
"538","Jalen Slawson (slawsja01)","SAC","#5a2d81",12,-0.731376295524289
"539","Isaiah Thomas (thomais02)","PHO","#1d1160",6,0.537247408951421
"540","Mason Jones (jonesma05)","SAC","#5a2d81",5,-0.557817034335013
"541","Juan Toscano-Anderson (toscaju01)","SAC","#5a2d81",11,-0.462752591048579
"542","Charlie Brown Jr. (brownch02)","NYK","#006bb6",8,-0.557817034335013
"543","Jack White (whiteja03)","MEM","#5D76A9",4,-1.65688147762145
"544","Lindell Wigginton (wiggili01)","MIL","#00471b",3,-0.731376295524289
"545","Frank Ntilikina (ntilila01)","CHO","#00788C",5,-1.92550518209716
"546","Alondes Williams (willial06)","MIA","#98002e",7,-1.46275259104858
"547","Izaiah Brockington (brockiz01)","NOP","#0c2340",1,-0.365688147762145
"548","Kevon Harris (harrike01)","ORL","#0077c0",2,0
"549","Ty Jerome (jeromty01)","CLE","#860038",2,-0.365688147762145
"550","E.J. Liddell (liddeej01)","NOP","#0c2340",8,-1.82844073881072
"551","Pat Spencer (spencpa01)","GSW","#1d428a",6,-0.731376295524289
"552","Adam Flagler (flaglad01)","OKC","#007ac1",2,-1.19212888657287
"553","Usman Garuba (garubus01)","GSW","#1d428a",6,-0.365688147762145
"554","Pete Nance (nancepe01)","CLE","#860038",8,0.634311852237855
"555","Filip Petrušev (petrufi01)","2TM","#000000",3,0
"556","Dariq Whitehead (whiteda01)","BRK","#000000",2,-1.09706444328643
"557","Hamidou Diallo (diallha01)","WAS","#002B5C",2,0
"558","Shaquille Harrison (harrish01)","MEM","#5D76A9",3,0
"559","Quenton Jackson (jacksqu01)","IND","#002d62",3,0
"560","Markquis Nowell (nowelma01)","TOR","#ce1141",1,0
"561","Joshua Primo (primojo01)","LAC","#c8102e",2,-0.365688147762145
"562","Isaiah Wong (wongis01)","IND","#002d62",1,-0.365688147762145
"563","Ryan Arcidiacono (arcidry01)","NYK","#006bb6",20,-2.19412888657287
"564","Malcolm Cazalon (cazalma01)","DET","#c8102e",1,0
"565","Jalen Crutcher (crutcja01)","NOP","#0c2340",1,0
"566","Andrew Funk (funkan01)","CHI","#ce1141",5,-1.09706444328643
"567","Kaiser Gates (gateska01)","NOP","#0c2340",1,-0.731376295524289
"568","Danny Green (greenda02)","PHI","#006bb6",2,-0.365688147762145
"569","Ron Harper Jr. (harpero02)","TOR","#ce1141",1,0
"570","Justin Jackson (jacksju01)","MIN","#0c2340",2,0
"571","Dmytro Skapintsev (skapidm01)","NYK","#006bb6",2,0
"572","Javonte Smart (smartja01)","PHI","#006bb6",1,0
